eps,l_vae,l_noise,subject_lpips,global_lpips
0.03137254901960784,28.473613739013672,0.030438721179962158,0.01988420026843531,0.013545498251914978
0.06274509803921569,23.49913787841797,0.05864305421710014,0.08485096590885084,0.05772050470113754
0.12549019607843137,15.709809303283691,0.10309150069952011,0.3340076112687467,0.2300395518541336
0.25098039215686274,8.090642929077148,0.12335848808288574,0.4518019990981704,0.3089510500431061
0.5019607843137255,8.588872909545898,0.07427819073200226,0.41200042237883955,0.2732246518135071
