eps,l_vae,l_noise,subject_lpips,global_lpips,editing_score_instructpix2pix,editing_score_attacksd,editing_score_attack
0.0313725490196078,30.04607391357422,0.0084692481905221,0.0198690222743695,0.0050648064352571,1.0,1.0,1.0
0.0627450980392156,28.49188804626465,0.0156809408217668,0.1152471203587057,0.0293288808315992,1.0,1.0,3.0
0.1254901960784313,23.03778076171875,0.0237910114228725,0.4145262943349246,0.1074192374944686,7.0,7.0,7.0
0.2509803921568627,18.61716079711914,0.0270891096442937,0.6868061153938352,0.1782625764608383,7.0,7.0,7.0
0.5019607843137255,18.4747371673584,0.0275306813418865,0.7810169605414866,0.2040731161832809,7.0,7.0,7.0
