eps,l_vae,l_noise,subject_lpips,global_lpips
0.03137254901960784,27.568178176879883,0.029724515974521637,0.03981547163650965,0.027443349361419678
0.06274509803921569,18.899534225463867,0.054928772151470184,0.13549380363338126,0.09382409602403641
0.12549019607843137,10.772729873657227,0.0773342177271843,0.2936768904638184,0.20261071622371674
0.25098039215686274,9.103041648864746,0.06958546489477158,0.33877609045018897,0.2297971546649933
0.5019607843137255,8.82899284362793,0.06908582150936127,0.3405720084955426,0.22728388011455536
