eps,l_vae,l_noise,subject_lpips,global_lpips
0.03137254901960784,18.15001678466797,0.02629448100924492,0.0645725749040688,0.044566791504621506
0.06274509803921569,13.089017868041992,0.03927154466509819,0.15404961777023982,0.10575388371944427
0.12549019607843137,11.387155532836914,0.04708798974752426,0.22278560197271255,0.15232959389686584
0.25098039215686274,10.696264266967773,0.050325848162174225,0.2534076422612301,0.17081792652606964
0.5019607843137255,10.423235893249512,0.05215814337134361,0.2530884727053206,0.16858699917793274
