eps,l_vae,l_noise,subject_lpips,global_lpips
0.03137254901960784,23.29449462890625,0.028341352939605713,0.051830982374314195,0.035799261182546616
0.06274509803921569,14.323249816894531,0.04664991423487663,0.14963250217156318,0.10277532786130905
0.12549019607843137,10.911620140075684,0.057641129940748215,0.2531989290261076,0.17393989861011505
0.25098039215686274,9.771509170532227,0.05868237465620041,0.2865989395793311,0.1953125
0.5019607843137255,9.458587646484375,0.06049268692731857,0.3053363801335976,0.20529647171497345
