eps,l_vae,l_noise,subject_lpips,global_lpips
0.03137254901960784,16.86190414428711,0.024170711636543274,0.0672199391503825,0.04614270105957985
0.06274509803921569,13.904523849487305,0.03465905040502548,0.14681338475628325,0.10040440410375595
0.12549019607843137,12.243826866149902,0.0409046970307827,0.20032668078799068,0.13650107383728027
0.25098039215686274,11.405224800109863,0.044862888753414154,0.23048441993774504,0.15585055947303772
0.5019607843137255,11.212593078613281,0.045773304998874664,0.22919024900587298,0.15356877446174622
